label,arm,mode,profile,coldMs,proofMs,routingMs,warmMs,caseSeconds,outerMonotonicSeconds,cleanupSeconds,wallMinusMonotonicSeconds
01-control,control,off,False,104176,73415,24089,30892,135.84400000001187,139.34399999998277,1.0150000000139698,0.004053693788591772
02-off,diagnostic,off,False,104878,75233,23390,30073,135.75,139.35899999999674,1.047000000020489,0.007087198260705918
03-off-profile,diagnostic,off,True,117718,84692,24683,33422,151.89099999997416,155.375,0.8280000000086147,0.0065631866455078125
04-off-profile,diagnostic,off,True,109654,77053,24758,31256,141.67199999999139,145.14000000001397,0.9070000000065193,0.010236845002509654
05-off,diagnostic,off,False,108471,78698,23423,30304,139.5470000000205,143.10899999999674,1.1710000000020955,0.0002751026186160743
06-track,diagnostic,track,False,103342,73385,23484,32491,136.60899999999674,140.35899999999674,1.1710000000020955,-0.00035122298868373036
07-track-profile,diagnostic,track,True,125866,90765,25281,34240,160.89099999997416,164.59399999998277,1.1099999999860302,0.004569631593767554
08-track-profile,diagnostic,track,True,122832,89874,24617,33943,157.56299999999464,160.96900000001187,0.889999999984866,-0.005630153667880222
09-track,diagnostic,track,False,112453,80196,24920,31419,144.71899999998277,148.48499999998603,1.187999999994645,-0.014842615113593638
10-off,diagnostic,off,False,109491,77056,25691,31876,142.125,145.84400000001187,1.1719999999913853,-0.004540819179965183
11-restricted,diagnostic,restricted,False,114172,79389,27620,31879,146.81299999999464,150.48399999999674,1.047000000020489,0.007252422336023301
12-restricted,diagnostic,restricted,False,111480,79718,24686,33882,146.13999999998487,149.89000000001397,1.2190000000118744,0.007100448594428599
13-off,diagnostic,off,False,110717,78624,25116,31214,142.68700000000536,146.34299999999348,1.1719999999913853,-0.00916630553547293
14-control,control,off,False,106454,75693,24122,30816,138.03099999998813,141.4529999999795,0.9070000000065193,0.011181661626324058
