order,root_seed,accepted_seed,candidate_ordinal,packages,cohort,priming_outcome,priming_ms,warm_outcome,warm_ms,repeat_gap_ms,same_identity
0,10387,10387,0,20,Representative,PASS,22608.200,PASS,5782.700,468.100,True
1,10226,10226,0,30,Representative,PASS,33244.600,PASS,7843.800,394.200,True
2,10014,10014,0,40,Representative,PASS,78203.600,PASS,11617.100,591.600,True
3,0,0,0,35,Representative,PASS,65844.300,PASS,13833.200,585.200,True
4,1,1,0,36,Representative,PASS,69699.600,PASS,14381.100,444.200,True
5,15,15,0,26,Representative,PASS,26523.700,PASS,5000.800,361.400,True
6,14,14,0,24,Representative,PASS,25159.400,PASS,5643.800,519.200,True
7,44,44,0,37,Representative,PASS,76559.500,PASS,15091.900,426.900,True
8,8,8,0,32,Representative,PASS,60515.600,PASS,10271.900,394.900,True
9,10,10,0,36,Representative,PASS,73699.400,PASS,19664.300,713.400,True
10,12,12,0,28,Representative,PASS,28307.100,PASS,5135.400,361.200,True
11,48,48,0,25,Representative,PASS,27267.900,PASS,6174.600,333.500,True
12,35,-7046029254386353096,1,39,Representative,PASS,82819.600,PASS,20065.500,777.600,True
13,6,6,0,37,Representative,PASS,72047.500,PASS,13384.800,541.900,True
14,18,18,0,38,Representative,PASS,72799.800,PASS,14027.500,636.100,True
15,43,43,0,39,Representative,PASS,70648.400,PASS,12834.300,730.100,True
16,93,93,0,39,Representative,PASS,78102.400,PASS,16047.100,460.600,True
17,20,20,0,39,Representative,PASS,79735.400,PASS,15966.100,522.000,True
18,64,64,0,22,Representative,PASS,25347.000,PASS,6985.100,468.500,True
19,56,56,0,36,Representative,PASS,73557.900,PASS,15281.700,442.000,True
20,13,13,0,23,Representative,PASS,25198.400,PASS,5770.800,344.300,True
21,4,4,0,34,Representative,PASS,63145.800,PASS,13195.300,711.100,True
22,11,11,0,36,Representative,PASS,71795.700,PASS,13465.200,506.100,True
23,2,2,0,28,Representative,PASS,31922.700,PASS,7537.600,330.300,True
24,3,3,0,38,Representative,PASS,72786.200,PASS,14641.500,584.900,True
25,19,19,0,26,Representative,PASS,27594.700,PASS,5833.700,361.200,True
26,9,9,0,26,Representative,PASS,29345.400,PASS,8158.500,331.000,True
27,7,7,0,37,Held-out,PASS,64998.400,PASS,10866.300,632.700,True
28,42,-7046029254386353089,1,37,Held-out,PASS,70738.900,PASS,10729.100,426.100,True
29,24,24,0,26,Held-out,PASS,27299.900,PASS,5828.200,342.900,True
30,21,21,0,34,Held-out,PASS,61172.500,PASS,12612.300,632.800,True
31,75,75,0,39,Held-out,PASS,81069.800,PASS,18312.800,475.900,True
32,22,22,0,40,Held-out,PASS,77699.600,PASS,16617.100,476.500,True
33,105,105,0,25,Held-out,PASS,24946.400,PASS,5033.000,451.700,True
34,27,27,0,25,Held-out,PASS,26496.400,PASS,6397.000,345.700,True
35,53,53,0,39,Held-out,PASS,75172.900,PASS,14880.100,605.500,True
36,50,-7046029254386353081,1,37,Held-out,PASS,69376.400,PASS,14480.800,679.600,True
37,16,16,0,25,Held-out,PASS,27970.000,PASS,6757.700,360.000,True
38,25,-7046029254386353106,1,25,Held-out,PASS,26237.400,PASS,5337.900,329.400,True
39,60,60,0,25,Held-out,PASS,27953.500,PASS,5672.300,442.200,True
40,100,100,0,34,Held-out,PASS,71833.700,PASS,15643.600,379.000,True
41,59,59,0,39,Held-out,PASS,79468.400,PASS,14430.900,1037.200,True
42,84,84,0,40,Held-out,PASS,73978.000,PASS,15056.700,599.700,True
43,70,70,0,23,Held-out,PASS,26439.600,PASS,7132.800,343.300,True
44,41,41,0,40,Held-out,PASS,77895.300,PASS,13346.200,492.800,True
45,45,45,0,22,Held-out,PASS,24594.900,PASS,6503.600,442.700,True
46,23,23,0,37,Held-out,PASS,71421.400,PASS,15716.500,602.800,True
47,5,5,0,39,Held-out,PASS,82925.000,PASS,13219.000,780.000,True
48,38,38,0,25,Held-out,PASS,28563.400,PASS,5710.500,566.000,True
49,40,40,0,24,Held-out,PASS,27711.500,PASS,5531.200,381.000,True
50,26,26,0,39,Held-out,PASS,81729.100,PASS,19362.200,1107.700,True
51,-9223372036854775808,-9223372036854775808,0,39,Signed-long replay,PASS,80310.600,PASS,16300.400,1097.600,True
52,9223372036854775807,9223372036854775807,0,21,Signed-long replay,PASS,24475.300,PASS,6179.700,344.000,True
53,9007199254740993,9007199254740993,0,23,Signed-long replay,PASS,26599.700,PASS,6028.300,361.500,True
54,10006,10006,0,21,Representative,PASS,24242.800,PASS,5435.800,484.800,True
55,10008,10008,0,33,Representative,PASS,70741.400,PASS,11531.700,1232.500,True
56,10028,-7046029254386343103,1,26,Representative,PASS,29770.500,PASS,6329.000,423.900,True
57,10272,10272,0,31,Representative,PASS,64959.700,PASS,12551.600,1064.400,True
58,20001,20001,0,33,Held-out,PASS,71256.400,PASS,14897.100,844.600,True
59,20003,20003,0,35,Held-out,PASS,76204.200,PASS,15018.100,524.500,True
60,20005,20005,0,32,Held-out,PASS,68057.200,PASS,14018.000,889.800,True
61,20009,20009,0,38,Held-out,PASS,79598.900,PASS,15474.400,1121.000,True
62,20013,20013,0,36,Held-out,PASS,72578.500,PASS,14413.600,1150.200,True
63,20019,20019,0,29,Held-out,PASS,32786.100,PASS,7514.900,663.300,True
64,20022,20022,0,28,Held-out,PASS,34949.900,PASS,9430.300,396.300,True
65,20026,-7046029254386333105,1,25,Held-out,PASS,29151.900,PASS,6832.800,378.500,True
66,20028,20028,0,27,Held-out,PASS,30773.400,PASS,6161.300,756.100,True
67,20254,20254,0,30,Held-out,PASS,66526.200,PASS,13225.100,635.600,True
68,20364,20364,0,20,Held-out,PASS,24674.300,PASS,5615.000,346.400,True
69,20392,20392,0,31,Held-out,PASS,64205.200,PASS,14172.500,1125.000,True
70,10000,10000,0,36,Representative,PASS,75006.700,PASS,15336.000,540.500,True
71,10009,10009,0,37,Representative,PASS,78686.300,PASS,14742.300,822.200,True
72,10016,10016,0,23,Representative,PASS,27091.500,PASS,6882.500,549.600,True
73,10017,10017,0,40,Representative,PASS,84506.500,PASS,15055.100,653.300,True
74,20007,20007,0,39,Held-out,PASS,87290.300,PASS,17631.200,856.000,True
75,20017,4354685564936865371,2,27,Held-out,PASS,30702.400,PASS,6848.100,600.100,True
76,20037,20037,0,25,Held-out,PASS,29589.800,PASS,6026.700,376.300,True
