label,phase,category,estimatedTotalMs,maxMeasuredMs,meanMeasuredMs,measuredMs,openScopes,sampleMode,samplePeriod,timedCalls,timedStarts,timingCoverage,totalCalls,workCount
03-profile-on,cold,generation.resolve,0.19999998807907104,0.19999998807907104,0.19999998807907104,0.19999998807907104,0,all,1,1,1,all,1,0
03-profile-on,cold,plan.resolve,0.19999998807907104,0.19999998807907104,0.19999998807907104,0.19999998807907104,0,all,1,1,1,all,1,0
03-profile-on,cold,generation.healthy,29461.70000001788,967.5999999940395,306.8927083335196,29461.70000001788,0,all,1,96,96,all,96,0
03-profile-on,cold,construction.electrical,30.500000029802322,8.5,5.083333338300387,30.500000029802322,0,all,1,6,6,all,6,0
03-profile-on,cold,source.controlCurrentness,1261.6587557505738,0.10000002384185791,0.00039497017379962456,19.59999990463257,0,kernel-step,64,49624,49624,sampled,3194314,0
03-profile-on,cold,source.setConnected,0.19999998807907104,0.09999999403953552,0.00714285671710968,0.19999998807907104,0,all,1,28,28,all,28,0
03-profile-on,cold,settle.temporalPreparation,30702.000000029802,1190.800000011921,511.7000000004967,30702.000000029802,0,all,1,60,60,all,60,0
03-profile-on,cold,solver.analyzeSetup,1626.8000002205372,6.199999988079071,3.247105788863348,1626.8000002205372,0,all,1,501,501,all,501,0
03-profile-on,cold,solver.guard,3704.4226319092454,0.10000002384185791,0.0011607286789504516,57.59999996423721,0,kernel-step,64,49624,49624,sampled,3191463,0
03-profile-on,cold,support.create,29.599999755620956,0.20000001788139343,0.05681381910867746,29.599999755620956,0,all,1,521,521,all,521,0
03-profile-on,cold,support.matrixDimension,0,0,0,0,0,all,1,0,0,untimed,0,43274
03-profile-on,cold,support.unionAttempts,0,0,0,0,0,all,1,0,0,untimed,0,125985
03-profile-on,cold,support.unionMerges,0,0,0,0,0,all,1,0,0,untimed,0,85417
03-profile-on,cold,support.originalCellsScanned,0,0,0,0,0,all,1,0,0,untimed,0,3595570
03-profile-on,cold,support.createValidationCellsScanned,0,0,0,0,0,all,1,0,0,untimed,0,3595570
03-profile-on,cold,solver.runCircuitOwned,83035.60000032187,56,15.263897058882696,83035.60000032187,0,all,1,5440,5440,all,5440,0
03-profile-on,cold,solver.stepAttempts,0,0,0,0,0,all,1,0,0,untimed,0,608059
03-profile-on,cold,solver.stepStarts,0,0,0,0,0,all,1,0,0,untimed,0,608059
03-profile-on,cold,solver.trials,0,0,0,0,0,all,1,0,0,untimed,0,1350440
03-profile-on,cold,solver.nonlinearTrials,0,0,0,0,0,all,1,0,0,untimed,0,1350440
03-profile-on,cold,solver.matrixRhsReset,7541.501183151917,0.20000001788139343,0.005584477046852816,118,0,kernel-step,64,21130,21130,sampled,1350440,0
03-profile-on,cold,solver.matrixRhsResetCells,0,0,0,0,0,all,1,0,0,untimed,0,9661990182
03-profile-on,cold,solver.elementDoStep,88772.4164561418,0.699999988079071,0.0657359204823182,1388.9999997913837,0,kernel-step,64,21130,21130,sampled,1350440,89980305
03-profile-on,cold,support.runtimeStampTracking,42293.66424820032,0.19999998807907104,0.0003565344716557087,661.7999993562698,0,kernel-step,64,1856202,1856202,sampled,118624334,0
03-profile-on,cold,support.runtimeStamps,0,0,0,0,0,all,1,0,0,untimed,0,118624334
03-profile-on,cold,support.newCoordinates,0,0,0,0,0,all,1,0,0,untimed,0,28610
03-profile-on,cold,solver.factor,34709.60410127918,5,0.04675380507209703,543.6999991834164,0,kernel-step,64,11629,11629,sampled,742391,0
03-profile-on,cold,support.prepareDomains,2125.8595062537715,0.10000002384185791,0.0028635308163134678,33.29999986290932,0,kernel-step,64,11629,11629,sampled,742391,0
03-profile-on,cold,support.matches,363.885860265288,0.10000002384185791,0.0004901539219431377,5.699999958276749,0,kernel-step,64,11629,11629,sampled,742391,0
03-profile-on,cold,support.prepareGroupSlots,0,0,0,0,0,all,1,0,0,untimed,0,124783236
03-profile-on,cold,support.prepareRows,0,0,0,0,0,all,1,0,0,untimed,0,62391618
03-profile-on,cold,support.prepareColumns,0,0,0,0,0,all,1,0,0,untimed,0,62391618
03-profile-on,cold,support.domainsPrepared,0,0,0,0,0,all,1,0,0,untimed,0,742391
03-profile-on,cold,support.restrictedFactors,0,0,0,0,0,all,1,0,0,untimed,0,742391
03-profile-on,cold,solver.solve,8062.9445868819985,0.5,0.010860779005782665,126.29999905824661,0,kernel-step,64,11629,11629,sampled,742391,0
03-profile-on,cold,solver.timeAdvancedSteps,0,0,0,0,0,all,1,0,0,untimed,0,608049
03-profile-on,cold,solver.stepPublication,2931.1276944921356,0.19999998807907104,0.004820545210159273,45.80000004172325,0,kernel-step,64,9501,9501,sampled,608049,0
03-profile-on,cold,solver.acceptedSteps,0,0,0,0,0,all,1,0,0,untimed,0,608049
03-profile-on,cold,solver.advanceDuration,82786.60000032187,1820.7999999821186,495.7281437145022,82786.60000032187,0,all,1,167,167,all,167,0
03-profile-on,cold,source.controlSignature,4.89999994635582,0.10000002384185791,0.011666666538942428,4.89999994635582,0,all,1,420,420,all,420,0
03-profile-on,cold,support.invalidate,0.40000003576278687,0.10000002384185791,0.0007677543872606274,0.40000003576278687,0,all,1,521,521,all,521,0
03-profile-on,cold,support.invalidations,0,0,0,0,0,all,1,0,0,untimed,0,521
03-profile-on,cold,settle.runtime,1449.8000001907349,111.30000001192093,25.889285717691696,1449.8000001907349,0,all,1,56,56,all,56,0
03-profile-on,cold,generation.physical,57.5,57.5,57.5,57.5,0,all,1,1,1,all,1,0
03-profile-on,cold,generation.proof,82422.30000010133,1824.0999999940395,211.3392307694906,82422.30000010133,0,all,1,390,390,all,390,0
03-profile-on,cold,proof.unit.REPLAY_INSTALL,514,103.80000001192093,102.8,514,0,all,1,5,5,all,5,0
03-profile-on,cold,proof.replayInstall,514,103.80000001192093,102.8,514,0,all,1,5,5,all,5,0
03-profile-on,cold,proof.unit.CANDIDATE_HEALTHY_SETTLE,20661.800000071526,928.5999999940395,826.472000002861,20661.800000071526,0,all,1,25,25,all,25,0
03-profile-on,cold,proof.unit.CANDIDATE_SETTLE,4956.300000011921,1190.9000000059605,198.25200000047684,4956.300000011921,0,all,1,25,25,all,25,0
03-profile-on,cold,proof.unit.OBSERVATION_STEP,17109.900000095367,1274.5,72.8080851067888,17109.900000095367,0,all,1,235,235,all,235,0
03-profile-on,cold,observation.INPUT,15433.200000047684,1274.5,771.6600000023842,15433.200000047684,0,all,1,20,20,all,20,0
03-profile-on,cold,observation.WAIT,0.09999999403953552,0.09999999403953552,0.004999999701976776,0.09999999403953552,0,all,1,20,20,all,20,0
03-profile-on,cold,observation.DC_VOLTAGE,1315.6000001430511,8.199999988079071,7.111351352124601,1315.6000001430511,0,all,1,185,185,all,185,0
03-profile-on,cold,observation.POWER,151.20000004768372,31.80000001192093,30.240000009536743,151.20000004768372,0,all,1,5,5,all,5,0
03-profile-on,cold,observation.SETTLE,206.80000001192093,43.20000001788139,41.36000000238418,206.80000001192093,0,all,1,5,5,all,5,0
03-profile-on,cold,proof.unit.POWER_OFF_SETTLE,4274.399999946356,1824.0999999940395,170.97599999785425,4274.399999946356,0,all,1,25,25,all,25,0
03-profile-on,cold,proof.unit.REMOVE_SETTLE,297.19999995827675,61.19999998807907,59.43999999165535,297.19999995827675,0,all,1,5,5,all,5,0
03-profile-on,cold,proof.unit.REPLACE_SETTLE,305.7999999821186,63.29999998211861,61.15999999642372,305.7999999821186,0,all,1,5,5,all,5,0
03-profile-on,cold,proof.unit.POWER_ON_SETTLE,383.2000000178814,123.59999999403954,76.64000000357628,383.2000000178814,0,all,1,5,5,all,5,0
03-profile-on,cold,proof.unit.REPAIR_STATUS_SETTLE,16895.400000035763,938.0999999940395,675.8160000014306,16895.400000035763,0,all,1,25,25,all,25,0
03-profile-on,cold,proof.unit.CUSTOMER_RETEST,16839.399999976158,932.2999999821186,673.5759999990463,16839.399999976158,0,all,1,25,25,all,25,0
03-profile-on,cold,proof.unit.CUSTOMER_RETEST_COMPLETION,40.79999998211861,8.799999982118607,8.159999996423721,40.79999998211861,0,all,1,5,5,all,5,0
03-profile-on,cold,proof.unit.EVIDENCE_RESTORE_PRIMARY,111.00000002980232,25.400000005960464,22.200000005960465,111.00000002980232,0,all,1,5,5,all,5,0
03-profile-on,cold,snapshot.restore,80.89999997615814,17.599999994039536,16.17999999523163,80.89999997615814,0,all,1,5,5,all,5,0
03-profile-on,cold,source.restoreControls,0,0,0,0,0,all,1,5,5,all,5,0
03-profile-on,cold,solver.retries,0,0,0,0,0,all,1,0,0,untimed,0,10
03-profile-on,cold,solver.timestepRollbacks,0,0,0,0,0,all,1,0,0,untimed,0,10
03-profile-on,warm,generation.resolve,0.09999999403953552,0.09999999403953552,0.09999999403953552,0.09999999403953552,0,all,1,1,1,all,1,0
03-profile-on,warm,plan.resolve,0.09999999403953552,0.09999999403953552,0.09999999403953552,0.09999999403953552,0,all,1,1,1,all,1,0
03-profile-on,warm,generation.healthy,30355.000000059605,953.8000000119209,316.19791666728753,30355.000000059605,0,all,1,96,96,all,96,0
03-profile-on,warm,construction.electrical,7.199999988079071,7.199999988079071,7.199999988079071,7.199999988079071,0,all,1,1,1,all,1,0
03-profile-on,warm,source.controlCurrentness,82.95230113002636,0.10000002384185791,0.0004330446508072123,1.3000000417232513,0,kernel-step,64,3002,3002,sampled,191556,0
03-profile-on,warm,source.setConnected,0,0,0,0,0,all,1,3,3,all,3,0
03-profile-on,warm,settle.temporalPreparation,5184.999999970198,953.8000000119209,518.4999999970198,5184.999999970198,0,all,1,10,10,all,10,0
03-profile-on,warm,solver.analyzeSetup,28.69999998807907,5.199999988079071,3.587499998509884,28.69999998807907,0,all,1,8,8,all,8,0
03-profile-on,warm,solver.guard,191.34444274448063,0.10000002384185791,0.0009993338072641462,3.000000089406967,0,kernel-step,64,3002,3002,sampled,191472,0
03-profile-on,warm,support.create,0.4000000059604645,0.10000002384185791,0.05000000074505806,0.4000000059604645,0,all,1,8,8,all,8,0
03-profile-on,warm,support.matrixDimension,0,0,0,0,0,all,1,0,0,untimed,0,668
03-profile-on,warm,support.unionAttempts,0,0,0,0,0,all,1,0,0,untimed,0,1948
03-profile-on,warm,support.unionMerges,0,0,0,0,0,all,1,0,0,untimed,0,1320
03-profile-on,warm,support.originalCellsScanned,0,0,0,0,0,all,1,0,0,untimed,0,55784
03-profile-on,warm,support.createValidationCellsScanned,0,0,0,0,0,all,1,0,0,untimed,0,55784
03-profile-on,warm,solver.runCircuitOwned,5074.000000059605,34.39999997615814,17.618055555762517,5074.000000059605,0,all,1,288,288,all,288,0
03-profile-on,warm,solver.stepAttempts,0,0,0,0,0,all,1,0,0,untimed,0,36063
03-profile-on,warm,solver.stepStarts,0,0,0,0,0,all,1,0,0,untimed,0,36063
03-profile-on,warm,solver.trials,0,0,0,0,0,all,1,0,0,untimed,0,82397
03-profile-on,warm,solver.nonlinearTrials,0,0,0,0,0,all,1,0,0,untimed,0,82397
03-profile-on,warm,solver.matrixRhsReset,471.37872040855984,0.10000002384185791,0.005720823821359513,7.500000029802322,0,kernel-step,64,1311,1311,sampled,82397,0
03-profile-on,warm,solver.matrixRhsResetCells,0,0,0,0,0,all,1,0,0,untimed,0,582693694
03-profile-on,warm,solver.elementDoStep,5210.306096967398,0.20000001788139343,0.06323417232383943,82.8999999165535,0,kernel-step,64,1311,1311,sampled,82397,5438202
03-profile-on,warm,support.runtimeStampTracking,2256.7207649624547,0.10000002384185791,0.00031526072577367243,35.899999886751175,0,kernel-step,64,113874,113874,sampled,7158268,0
03-profile-on,warm,support.runtimeStamps,0,0,0,0,0,all,1,0,0,untimed,0,7158268
03-profile-on,warm,support.newCoordinates,0,0,0,0,0,all,1,0,0,untimed,0,440
03-profile-on,warm,solver.factor,2127.518313038062,0.4000000059604645,0.045917000756206285,34.29999956488609,0,kernel-step,64,747,747,sampled,46334,0
03-profile-on,warm,support.prepareDomains,142.66157299719023,0.10000002384185791,0.003078982453429236,2.2999998927116394,0,kernel-step,64,747,747,sampled,46334,0
03-profile-on,warm,support.matches,18.60803101938891,0.09999999403953552,0.0004016064017652029,0.29999998211860657,0,kernel-step,64,747,747,sampled,46334,0
03-profile-on,warm,support.prepareGroupSlots,0,0,0,0,0,all,1,0,0,untimed,0,7740964
03-profile-on,warm,support.prepareRows,0,0,0,0,0,all,1,0,0,untimed,0,3870482
03-profile-on,warm,support.prepareColumns,0,0,0,0,0,all,1,0,0,untimed,0,3870482
03-profile-on,warm,support.domainsPrepared,0,0,0,0,0,all,1,0,0,untimed,0,46334
03-profile-on,warm,support.restrictedFactors,0,0,0,0,0,all,1,0,0,untimed,0,46334
03-profile-on,warm,solver.solve,508.6195478037179,0.10000002384185791,0.01097724236637713,8.200000047683716,0,kernel-step,64,747,747,sampled,46334,0
03-profile-on,warm,solver.timeAdvancedSteps,0,0,0,0,0,all,1,0,0,untimed,0,36063
03-profile-on,warm,solver.stepPublication,147.06542629415685,0.10000002384185791,0.004078014205533562,2.300000011920929,0,kernel-step,64,564,564,sampled,36063,0
03-profile-on,warm,solver.acceptedSteps,0,0,0,0,0,all,1,0,0,untimed,0,36063
03-profile-on,warm,solver.advanceDuration,5069.200000017881,924.7000000178814,563.2444444464313,5069.200000017881,0,all,1,9,9,all,9,0
03-profile-on,warm,source.controlSignature,0.09999999403953552,0.09999999403953552,0.00833333283662796,0.09999999403953552,0,all,1,12,12,all,12,0
03-profile-on,warm,support.invalidate,0,0,0,0,0,all,1,7,7,all,7,0
03-profile-on,warm,support.invalidations,0,0,0,0,0,all,1,0,0,untimed,0,7
03-profile-on,warm,settle.runtime,12.600000023841858,12.600000023841858,12.600000023841858,12.600000023841858,0,all,1,1,1,all,1,0
03-profile-on,warm,generation.physical,47.099999994039536,47.099999994039536,47.099999994039536,47.099999994039536,0,all,1,1,1,all,1,0
03-profile-on,warm,generation.proof,24.200000017881393,24.200000017881393,24.200000017881393,24.200000017881393,0,all,1,1,1,all,1,0
05-profile-on-r2,cold,generation.resolve,0.30000001192092896,0.30000001192092896,0.30000001192092896,0.30000001192092896,0,all,1,1,1,all,1,0
05-profile-on-r2,cold,plan.resolve,0.20000001788139343,0.20000001788139343,0.20000001788139343,0.20000001788139343,0,all,1,1,1,all,1,0
05-profile-on-r2,cold,generation.healthy,29401.199999839067,949.6999999880791,306.2624999983236,29401.199999839067,0,all,1,96,96,all,96,0
05-profile-on-r2,cold,construction.electrical,32.50000002980232,8.699999988079071,5.41666667163372,32.50000002980232,0,all,1,6,6,all,6,0
05-profile-on-r2,cold,source.controlCurrentness,1319.5920685475587,0.10000002384185791,0.00041310656014016114,20.499999940395355,0,kernel-step,64,49624,49624,sampled,3194314,0
05-profile-on-r2,cold,source.setConnected,0.29999998211860657,0.09999999403953552,0.01071428507566452,0.29999998211860657,0,all,1,28,28,all,28,0
05-profile-on-r2,cold,settle.temporalPreparation,30272.19999986887,1180.5999999940395,504.5366666644812,30272.19999986887,0,all,1,60,60,all,60,0
05-profile-on-r2,cold,solver.analyzeSetup,1610.8999997079372,5.699999988079071,3.2153692608940863,1610.8999997079372,0,all,1,501,501,all,501,0
05-profile-on-r2,cold,solver.guard,3550.0716807671643,0.10000002384185791,0.0011123649814417914,55.19999983906746,0,kernel-step,64,49624,49624,sampled,3191463,0
05-profile-on-r2,cold,support.create,27.49999988079071,0.20000001788139343,0.052783109176181786,27.49999988079071,0,all,1,521,521,all,521,0
05-profile-on-r2,cold,support.matrixDimension,0,0,0,0,0,all,1,0,0,untimed,0,43274
05-profile-on-r2,cold,support.unionAttempts,0,0,0,0,0,all,1,0,0,untimed,0,125985
05-profile-on-r2,cold,support.unionMerges,0,0,0,0,0,all,1,0,0,untimed,0,85417
05-profile-on-r2,cold,support.originalCellsScanned,0,0,0,0,0,all,1,0,0,untimed,0,3595570
05-profile-on-r2,cold,support.createValidationCellsScanned,0,0,0,0,0,all,1,0,0,untimed,0,3595570
05-profile-on-r2,cold,solver.runCircuitOwned,81783.80000007153,53.30000001192093,15.03378676471903,81783.80000007153,0,all,1,5440,5440,all,5440,0
05-profile-on-r2,cold,solver.stepAttempts,0,0,0,0,0,all,1,0,0,untimed,0,608059
05-profile-on-r2,cold,solver.stepStarts,0,0,0,0,0,all,1,0,0,untimed,0,608059
05-profile-on-r2,cold,solver.trials,0,0,0,0,0,all,1,0,0,untimed,0,1350440
05-profile-on-r2,cold,solver.nonlinearTrials,0,0,0,0,0,all,1,0,0,untimed,0,1350440
05-profile-on-r2,cold,solver.matrixRhsReset,7662.932117644724,0.20000001788139343,0.005674396580110722,119.89999973773956,0,kernel-step,64,21130,21130,sampled,1350440,0
05-profile-on-r2,cold,solver.matrixRhsResetCells,0,0,0,0,0,all,1,0,0,untimed,0,9661990182
05-profile-on-r2,cold,solver.elementDoStep,15926.62794447972,0.5999999940395355,0.011793658322087409,249.20000034570694,0,kernel-step,64,21130,21130,sampled,1350440,89980305
05-profile-on-r2,cold,support.runtimeStampTracking,58980.40140736453,0.10000002384185791,0.0004972032248237072,14.399999797344208,0,call-period,4096,28962,28962,sampled,118624334,0
05-profile-on-r2,cold,support.runtimeStamps,0,0,0,0,0,all,1,0,0,untimed,0,118624334
05-profile-on-r2,cold,support.newCoordinates,0,0,0,0,0,all,1,0,0,untimed,0,28610
05-profile-on-r2,cold,support.stampTimerCalibration,10.399999886751175,0.10000002384185791,0.00035909121907158257,10.399999886751175,0,all,1,28962,28962,all,28962,0
05-profile-on-r2,cold,solver.factor,34205.271093245356,0.5999999940395355,0.04607446897018601,535.7999996542931,0,kernel-step,64,11629,11629,sampled,742391,0
05-profile-on-r2,cold,support.prepareDomains,2100.323642525177,0.10000002384185791,0.0028291340311576746,32.899999648332596,0,kernel-step,64,11629,11629,sampled,742391,0
05-profile-on-r2,cold,support.matches,370.26982239229847,0.10000002384185791,0.0004987531131065684,5.799999952316284,0,kernel-step,64,11629,11629,sampled,742391,0
05-profile-on-r2,cold,support.prepareGroupSlots,0,0,0,0,0,all,1,0,0,untimed,0,124783236
05-profile-on-r2,cold,support.prepareRows,0,0,0,0,0,all,1,0,0,untimed,0,62391618
05-profile-on-r2,cold,support.prepareColumns,0,0,0,0,0,all,1,0,0,untimed,0,62391618
05-profile-on-r2,cold,support.domainsPrepared,0,0,0,0,0,all,1,0,0,untimed,0,742391
05-profile-on-r2,cold,support.restrictedFactors,0,0,0,0,0,all,1,0,0,untimed,0,742391
05-profile-on-r2,cold,solver.solve,8094.864488840367,0.29999998211860657,0.010903775084612242,126.80000045895576,0,kernel-step,64,11629,11629,sampled,742391,0
05-profile-on-r2,cold,solver.timeAdvancedSteps,0,0,0,0,0,all,1,0,0,untimed,0,608049
05-profile-on-r2,cold,solver.stepPublication,2259.144264065329,0.10000002384185791,0.003715398370962421,35.29999992251396,0,kernel-step,64,9501,9501,sampled,608049,0
05-profile-on-r2,cold,solver.acceptedSteps,0,0,0,0,0,all,1,0,0,untimed,0,608049
05-profile-on-r2,cold,solver.advanceDuration,81536.00000023842,1778.5999999940395,488.2395209595115,81536.00000023842,0,all,1,167,167,all,167,0
05-profile-on-r2,cold,source.controlSignature,3.8999998569488525,0.19999998807907104,0.009285713945116316,3.8999998569488525,0,all,1,420,420,all,420,0
05-profile-on-r2,cold,support.invalidate,0.4999999701976776,0.09999999403953552,0.0009596928410703985,0.4999999701976776,0,all,1,521,521,all,521,0
05-profile-on-r2,cold,support.invalidations,0,0,0,0,0,all,1,0,0,untimed,0,521
05-profile-on-r2,cold,settle.runtime,1451.199999988079,111,25.91428571407284,1451.199999988079,0,all,1,56,56,all,56,0
05-profile-on-r2,cold,generation.physical,57.69999998807907,57.69999998807907,57.69999998807907,57.69999998807907,0,all,1,1,1,all,1,0
05-profile-on-r2,cold,generation.proof,81326.40000015497,1782.5999999940395,208.52923076962813,81326.40000015497,0,all,1,390,390,all,390,0
05-profile-on-r2,cold,proof.unit.REPLAY_INSTALL,536.1000000238419,126.5,107.22000000476837,536.1000000238419,0,all,1,5,5,all,5,0
05-profile-on-r2,cold,proof.replayInstall,536.0000000298023,126.5,107.20000000596046,536.0000000298023,0,all,1,5,5,all,5,0
05-profile-on-r2,cold,proof.unit.CANDIDATE_HEALTHY_SETTLE,20453.79999998212,954.7999999821186,818.1519999992847,20453.79999998212,0,all,1,25,25,all,25,0
05-profile-on-r2,cold,proof.unit.CANDIDATE_SETTLE,4870.100000053644,1180.5999999940395,194.80400000214576,4870.100000053644,0,all,1,25,25,all,25,0
05-profile-on-r2,cold,proof.unit.OBSERVATION_STEP,16671.800000071526,1211.0999999940395,70.9438297875384,16671.800000071526,0,all,1,235,235,all,235,0
05-profile-on-r2,cold,observation.INPUT,14999,1211,749.95,14999,0,all,1,20,20,all,20,0
05-profile-on-r2,cold,observation.WAIT,0.09999999403953552,0.09999999403953552,0.004999999701976776,0.09999999403953552,0,all,1,20,20,all,20,0
05-profile-on-r2,cold,observation.DC_VOLTAGE,1308.700000077486,10.099999994039536,7.074054054472898,1308.700000077486,0,all,1,185,185,all,185,0
05-profile-on-r2,cold,observation.POWER,153.80000004172325,31.80000001192093,30.76000000834465,153.80000004172325,0,all,1,5,5,all,5,0
05-profile-on-r2,cold,observation.SETTLE,205.7999999821186,42.29999998211861,41.15999999642372,205.7999999821186,0,all,1,5,5,all,5,0
05-profile-on-r2,cold,proof.unit.POWER_OFF_SETTLE,4207.3999999165535,1782.5999999940395,168.29599999666215,4207.3999999165535,0,all,1,25,25,all,25,0
05-profile-on-r2,cold,proof.unit.REMOVE_SETTLE,296.80000001192093,61.80000001192093,59.36000000238418,296.80000001192093,0,all,1,5,5,all,5,0
05-profile-on-r2,cold,proof.unit.REPLACE_SETTLE,309.4000000357628,62.900000005960464,61.88000000715256,309.4000000357628,0,all,1,5,5,all,5,0
05-profile-on-r2,cold,proof.unit.POWER_ON_SETTLE,384.80000001192093,123.39999997615814,76.96000000238419,384.80000001192093,0,all,1,5,5,all,5,0
05-profile-on-r2,cold,proof.unit.REPAIR_STATUS_SETTLE,16677.899999946356,954.2000000178814,667.1159999978543,16677.899999946356,0,all,1,25,25,all,25,0
05-profile-on-r2,cold,proof.unit.CUSTOMER_RETEST,16733.400000095367,935.4000000059605,669.3360000038147,16733.400000095367,0,all,1,25,25,all,25,0
05-profile-on-r2,cold,proof.unit.CUSTOMER_RETEST_COMPLETION,41.30000001192093,8.699999988079071,8.260000002384185,41.30000001192093,0,all,1,5,5,all,5,0
05-profile-on-r2,cold,proof.unit.EVIDENCE_RESTORE_PRIMARY,112.90000000596046,24.200000017881393,22.580000001192094,112.90000000596046,0,all,1,5,5,all,5,0
05-profile-on-r2,cold,snapshot.restore,82.09999999403954,17.80000001192093,16.419999998807906,82.09999999403954,0,all,1,5,5,all,5,0
05-profile-on-r2,cold,source.restoreControls,0.09999999403953552,0.09999999403953552,0.019999998807907104,0.09999999403953552,0,all,1,5,5,all,5,0
05-profile-on-r2,cold,solver.retries,0,0,0,0,0,all,1,0,0,untimed,0,10
05-profile-on-r2,cold,solver.timestepRollbacks,0,0,0,0,0,all,1,0,0,untimed,0,10
05-profile-on-r2,warm,generation.resolve,0,0,0,0,0,all,1,1,1,all,1,0
05-profile-on-r2,warm,plan.resolve,0,0,0,0,0,all,1,1,1,all,1,0
05-profile-on-r2,warm,generation.healthy,29474.700000077486,962.6999999880791,307.02812500080717,29474.700000077486,0,all,1,96,96,all,96,0
05-profile-on-r2,warm,construction.electrical,4.5,4.5,4.5,4.5,0,all,1,1,1,all,1,0
05-profile-on-r2,warm,source.controlCurrentness,25.52378262256798,0.09999999403953552,0.00013324449572223255,0.3999999761581421,0,kernel-step,64,3002,3002,sampled,191556,0
05-profile-on-r2,warm,source.setConnected,0,0,0,0,0,all,1,3,3,all,3,0
05-profile-on-r2,warm,settle.temporalPreparation,5087.0999999940395,962.6999999880791,508.709999999404,5087.0999999940395,0,all,1,10,10,all,10,0
05-profile-on-r2,warm,solver.analyzeSetup,25.999999940395355,3.5999999940395355,3.2499999925494194,25.999999940395355,0,all,1,8,8,all,8,0
05-profile-on-r2,warm,solver.guard,235.99146588892242,0.10000002384185791,0.0012325116251406076,3.699999898672104,0,kernel-step,64,3002,3002,sampled,191472,0
05-profile-on-r2,warm,support.create,0.3999999761581421,0.09999999403953552,0.04999999701976776,0.3999999761581421,0,all,1,8,8,all,8,0
05-profile-on-r2,warm,support.matrixDimension,0,0,0,0,0,all,1,0,0,untimed,0,668
05-profile-on-r2,warm,support.unionAttempts,0,0,0,0,0,all,1,0,0,untimed,0,1948
05-profile-on-r2,warm,support.unionMerges,0,0,0,0,0,all,1,0,0,untimed,0,1320
05-profile-on-r2,warm,support.originalCellsScanned,0,0,0,0,0,all,1,0,0,untimed,0,55784
05-profile-on-r2,warm,support.createValidationCellsScanned,0,0,0,0,0,all,1,0,0,untimed,0,55784
05-profile-on-r2,warm,solver.runCircuitOwned,4980.200000017881,42.900000005960464,17.2923611111732,4980.200000017881,0,all,1,288,288,all,288,0
05-profile-on-r2,warm,solver.stepAttempts,0,0,0,0,0,all,1,0,0,untimed,0,36063
05-profile-on-r2,warm,solver.stepStarts,0,0,0,0,0,all,1,0,0,untimed,0,36063
05-profile-on-r2,warm,solver.trials,0,0,0,0,0,all,1,0,0,untimed,0,82397
05-profile-on-r2,warm,solver.nonlinearTrials,0,0,0,0,0,all,1,0,0,untimed,0,82397
05-profile-on-r2,warm,solver.matrixRhsReset,603.3647556046009,0.20000001788139343,0.007322654412231038,9.59999993443489,0,kernel-step,64,1311,1311,sampled,82397,0
05-profile-on-r2,warm,solver.matrixRhsResetCells,0,0,0,0,0,all,1,0,0,untimed,0,582693694
05-profile-on-r2,warm,solver.elementDoStep,949.0424881498838,0.5,0.011517925266088374,15.100000023841858,0,kernel-step,64,1311,1311,sampled,82397,5438202
05-profile-on-r2,warm,support.runtimeStampTracking,4095.119115179068,0.10000002384185791,0.0005720823969120837,1.0000000298023224,0,call-period,4096,1748,1748,sampled,7158268,0
05-profile-on-r2,warm,support.runtimeStamps,0,0,0,0,0,all,1,0,0,untimed,0,7158268
05-profile-on-r2,warm,support.newCoordinates,0,0,0,0,0,all,1,0,0,untimed,0,440
05-profile-on-r2,warm,support.stampTimerCalibration,0.29999998211860657,0.09999999403953552,0.00017162470372917996,0.29999998211860657,0,all,1,1748,1748,all,1748,0
05-profile-on-r2,warm,solver.factor,2152.329034003707,0.30000001192092896,0.04645247623783198,34.69999974966049,0,kernel-step,64,747,747,sampled,46334,0
05-profile-on-r2,warm,support.prepareDomains,167.47229026575164,0.10000002384185791,0.0036144578552629097,2.7000000178813934,0,kernel-step,64,747,747,sampled,46334,0
05-profile-on-r2,warm,support.matches,18.60803101938891,0.09999999403953552,0.0004016064017652029,0.29999998211860657,0,kernel-step,64,747,747,sampled,46334,0
05-profile-on-r2,warm,support.prepareGroupSlots,0,0,0,0,0,all,1,0,0,untimed,0,7740964
05-profile-on-r2,warm,support.prepareRows,0,0,0,0,0,all,1,0,0,untimed,0,3870482
05-profile-on-r2,warm,support.prepareColumns,0,0,0,0,0,all,1,0,0,untimed,0,3870482
05-profile-on-r2,warm,support.domainsPrepared,0,0,0,0,0,all,1,0,0,untimed,0,46334
05-profile-on-r2,warm,support.restrictedFactors,0,0,0,0,0,all,1,0,0,untimed,0,46334
05-profile-on-r2,warm,solver.solve,415.57937976698,0.10000002384185791,0.008969210078279017,6.699999928474426,0,kernel-step,64,747,747,sampled,46334,0
05-profile-on-r2,warm,solver.timeAdvancedSteps,0,0,0,0,0,all,1,0,0,untimed,0,36063
05-profile-on-r2,warm,solver.stepPublication,140.67127392789786,0.10000002384185791,0.00390070914588076,2.1999999582767487,0,kernel-step,64,564,564,sampled,36063,0
05-profile-on-r2,warm,solver.acceptedSteps,0,0,0,0,0,all,1,0,0,untimed,0,36063
05-profile-on-r2,warm,solver.advanceDuration,4974.999999970198,932.3000000119209,552.7777777744664,4974.999999970198,0,all,1,9,9,all,9,0
05-profile-on-r2,warm,source.controlSignature,0.09999999403953552,0.09999999403953552,0.00833333283662796,0.09999999403953552,0,all,1,12,12,all,12,0
05-profile-on-r2,warm,support.invalidate,0,0,0,0,0,all,1,7,7,all,7,0
05-profile-on-r2,warm,support.invalidations,0,0,0,0,0,all,1,0,0,untimed,0,7
05-profile-on-r2,warm,settle.runtime,13.5,13.5,13.5,13.5,0,all,1,1,1,all,1,0
05-profile-on-r2,warm,generation.physical,47.30000001192093,47.30000001192093,47.30000001192093,47.30000001192093,0,all,1,1,1,all,1,0
05-profile-on-r2,warm,generation.proof,24.5,24.5,24.5,24.5,0,all,1,1,1,all,1,0
06-profile-on-r2,cold,generation.resolve,0.29999998211860657,0.29999998211860657,0.29999998211860657,0.29999998211860657,0,all,1,1,1,all,1,0
06-profile-on-r2,cold,plan.resolve,0.19999998807907104,0.19999998807907104,0.19999998807907104,0.19999998807907104,0,all,1,1,1,all,1,0
06-profile-on-r2,cold,generation.healthy,29772.800000041723,967.1999999880791,310.13333333376795,29772.800000041723,0,all,1,96,96,all,96,0
06-profile-on-r2,cold,construction.electrical,30.599999964237213,8.5,5.0999999940395355,30.599999964237213,0,all,1,6,6,all,6,0
06-profile-on-r2,cold,source.controlCurrentness,1319.59207238433,0.10000002384185791,0.0004131065613412865,20.5,0,kernel-step,64,49624,49624,sampled,3194314,0
06-profile-on-r2,cold,source.setConnected,0.30000001192092896,0.10000002384185791,0.010714286140033178,0.30000001192092896,0,all,1,28,28,all,28,0
06-profile-on-r2,cold,settle.temporalPreparation,30572.70000001788,1179.9000000059605,509.54500000029805,30572.70000001788,0,all,1,60,60,all,60,0
06-profile-on-r2,cold,solver.analyzeSetup,1613.999999821186,6,3.2215568858706307,1613.999999821186,0,all,1,501,501,all,501,0
06-profile-on-r2,cold,solver.guard,3717.285202066886,0.10000002384185791,0.0011647589842235006,57.799999833106995,0,kernel-step,64,49624,49624,sampled,3191463,0
06-profile-on-r2,cold,support.create,27.899999856948853,0.20000001788139343,0.0535508634490381,27.899999856948853,0,all,1,521,521,all,521,0
06-profile-on-r2,cold,support.matrixDimension,0,0,0,0,0,all,1,0,0,untimed,0,43274
06-profile-on-r2,cold,support.unionAttempts,0,0,0,0,0,all,1,0,0,untimed,0,125985
06-profile-on-r2,cold,support.unionMerges,0,0,0,0,0,all,1,0,0,untimed,0,85417
06-profile-on-r2,cold,support.originalCellsScanned,0,0,0,0,0,all,1,0,0,untimed,0,3595570
06-profile-on-r2,cold,support.createValidationCellsScanned,0,0,0,0,0,all,1,0,0,untimed,0,3595570
06-profile-on-r2,cold,solver.runCircuitOwned,83062.60000002384,75,15.26886029412203,83062.60000002384,0,all,1,5440,5440,all,5440,0
06-profile-on-r2,cold,solver.stepAttempts,0,0,0,0,0,all,1,0,0,untimed,0,608059
06-profile-on-r2,cold,solver.stepStarts,0,0,0,0,0,all,1,0,0,untimed,0,608059
06-profile-on-r2,cold,solver.trials,0,0,0,0,0,all,1,0,0,untimed,0,1350440
06-profile-on-r2,cold,solver.nonlinearTrials,0,0,0,0,0,all,1,0,0,untimed,0,1350440
06-profile-on-r2,cold,solver.matrixRhsReset,7413.679110153219,0.10000002384185791,0.005489824879412058,115.99999970197678,0,kernel-step,64,21130,21130,sampled,1350440,0
06-profile-on-r2,cold,solver.matrixRhsResetCells,0,0,0,0,0,all,1,0,0,untimed,0,9661990182
06-profile-on-r2,cold,solver.elementDoStep,16201.445319334478,0.5999999940395355,0.011997160421295635,253.49999970197678,0,kernel-step,64,21130,21130,sampled,1350440,89980305
06-profile-on-r2,cold,support.runtimeStampTracking,63076.26426071196,0.10000002384185791,0.0005317312404106899,15.400000184774399,0,call-period,4096,28962,28962,sampled,118624334,0
06-profile-on-r2,cold,support.runtimeStamps,0,0,0,0,0,all,1,0,0,untimed,0,118624334
06-profile-on-r2,cold,support.newCoordinates,0,0,0,0,0,all,1,0,0,untimed,0,28610
06-profile-on-r2,cold,support.stampTimerCalibration,9.800000041723251,0.10000002384185791,0.0003383744230965835,9.800000041723251,0,all,1,28962,28962,all,28962,0
06-profile-on-r2,cold,solver.factor,35009.65037832575,0.7999999821186066,0.047157967133661036,548.3999997973442,0,kernel-step,64,11629,11629,sampled,742391,0
06-profile-on-r2,cold,support.prepareDomains,2049.251966437353,0.10000002384185791,0.002760340530040576,32.10000002384186,0,kernel-step,64,11629,11629,sampled,742391,0
06-profile-on-r2,cold,support.matches,389.42170877332984,0.10000002384185791,0.0005245506865968605,6.099999934434891,0,kernel-step,64,11629,11629,sampled,742391,0
06-profile-on-r2,cold,support.prepareGroupSlots,0,0,0,0,0,all,1,0,0,untimed,0,124783236
06-profile-on-r2,cold,support.prepareRows,0,0,0,0,0,all,1,0,0,untimed,0,62391618
06-profile-on-r2,cold,support.prepareColumns,0,0,0,0,0,all,1,0,0,untimed,0,62391618
06-profile-on-r2,cold,support.domainsPrepared,0,0,0,0,0,all,1,0,0,untimed,0,742391
06-profile-on-r2,cold,support.restrictedFactors,0,0,0,0,0,all,1,0,0,untimed,0,742391
06-profile-on-r2,cold,solver.solve,8388.526706728899,0.29999998211860657,0.011299337824312118,131.39999955892563,0,kernel-step,64,11629,11629,sampled,742391,0
06-profile-on-r2,cold,solver.timeAdvancedSteps,0,0,0,0,0,all,1,0,0,untimed,0,608049
06-profile-on-r2,cold,solver.stepPublication,2303.9431505263756,0.20000001788139343,0.003789074812270681,35.99999979138374,0,kernel-step,64,9501,9501,sampled,608049,0
06-profile-on-r2,cold,solver.acceptedSteps,0,0,0,0,0,all,1,0,0,untimed,0,608049
06-profile-on-r2,cold,solver.advanceDuration,82791.09999984503,1865.9000000059605,495.7550898194313,82791.09999984503,0,all,1,167,167,all,167,0
06-profile-on-r2,cold,source.controlSignature,3.599999964237213,0.10000002384185791,0.008571428486279078,3.599999964237213,0,all,1,420,420,all,420,0
06-profile-on-r2,cold,support.invalidate,0.6999999582767487,0.09999999403953552,0.001343569977498558,0.6999999582767487,0,all,1,521,521,all,521,0
06-profile-on-r2,cold,support.invalidations,0,0,0,0,0,all,1,0,0,untimed,0,521
06-profile-on-r2,cold,settle.runtime,1501.7000000476837,139.09999999403954,26.816071429422923,1501.7000000476837,0,all,1,56,56,all,56,0
06-profile-on-r2,cold,generation.physical,57.69999998807907,57.69999998807907,57.69999998807907,57.69999998807907,0,all,1,1,1,all,1,0
06-profile-on-r2,cold,generation.proof,82549.19999986887,1869.4000000059605,211.66461538427916,82549.19999986887,0,all,1,390,390,all,390,0
06-profile-on-r2,cold,proof.unit.REPLAY_INSTALL,513.2999999821186,105.40000000596046,102.65999999642372,513.2999999821186,0,all,1,5,5,all,5,0
06-profile-on-r2,cold,proof.replayInstall,513.2999999821186,105.40000000596046,102.65999999642372,513.2999999821186,0,all,1,5,5,all,5,0
06-profile-on-r2,cold,proof.unit.CANDIDATE_HEALTHY_SETTLE,20606.299999952316,962.0999999940395,824.2519999980926,20606.299999952316,0,all,1,25,25,all,25,0
06-profile-on-r2,cold,proof.unit.CANDIDATE_SETTLE,4944.600000023842,1179.9000000059605,197.78400000095368,4944.600000023842,0,all,1,25,25,all,25,0
06-profile-on-r2,cold,proof.unit.OBSERVATION_STEP,16912.500000029802,1218.0999999940395,71.9680851065098,16912.500000029802,0,all,1,235,235,all,235,0
06-profile-on-r2,cold,observation.INPUT,15229.299999952316,1218.0999999940395,761.4649999976158,15229.299999952316,0,all,1,20,20,all,20,0
06-profile-on-r2,cold,observation.WAIT,0.09999999403953552,0.09999999403953552,0.004999999701976776,0.09999999403953552,0,all,1,20,20,all,20,0
06-profile-on-r2,cold,observation.DC_VOLTAGE,1312.1000001430511,8,7.092432433205682,1312.1000001430511,0,all,1,185,185,all,185,0
06-profile-on-r2,cold,observation.POWER,156.79999995231628,33.900000005960464,31.35999999046326,156.79999995231628,0,all,1,5,5,all,5,0
06-profile-on-r2,cold,observation.SETTLE,210.99999997019768,43.599999994039536,42.19999999403954,210.99999997019768,0,all,1,5,5,all,5,0
06-profile-on-r2,cold,proof.unit.POWER_OFF_SETTLE,4294.899999946356,1869.4000000059605,171.79599999785424,4294.899999946356,0,all,1,25,25,all,25,0
06-profile-on-r2,cold,proof.unit.REMOVE_SETTLE,300.80000004172325,63.69999998807907,60.16000000834465,300.80000004172325,0,all,1,5,5,all,5,0
06-profile-on-r2,cold,proof.unit.REPLACE_SETTLE,317.2000000178814,66.2000000178814,63.44000000357628,317.2000000178814,0,all,1,5,5,all,5,0
06-profile-on-r2,cold,proof.unit.POWER_ON_SETTLE,430.5,160.30000001192093,86.1,430.5,0,all,1,5,5,all,5,0
06-profile-on-r2,cold,proof.unit.REPAIR_STATUS_SETTLE,17176.400000035763,1101.3999999761581,687.0560000014306,17176.400000035763,0,all,1,25,25,all,25,0
06-profile-on-r2,cold,proof.unit.CUSTOMER_RETEST,16868.299999952316,970.1999999880791,674.7319999980926,16868.299999952316,0,all,1,25,25,all,25,0
06-profile-on-r2,cold,proof.unit.CUSTOMER_RETEST_COMPLETION,40.19999995827675,8.700000017881393,8.03999999165535,40.19999995827675,0,all,1,5,5,all,5,0
06-profile-on-r2,cold,proof.unit.EVIDENCE_RESTORE_PRIMARY,111.30000001192093,24.30000001192093,22.260000002384185,111.30000001192093,0,all,1,5,5,all,5,0
06-profile-on-r2,cold,snapshot.restore,80.7999999821186,17.900000005960464,16.15999999642372,80.7999999821186,0,all,1,5,5,all,5,0
06-profile-on-r2,cold,source.restoreControls,0,0,0,0,0,all,1,5,5,all,5,0
06-profile-on-r2,cold,solver.retries,0,0,0,0,0,all,1,0,0,untimed,0,10
06-profile-on-r2,cold,solver.timestepRollbacks,0,0,0,0,0,all,1,0,0,untimed,0,10
06-profile-on-r2,warm,generation.resolve,0.29999998211860657,0.29999998211860657,0.29999998211860657,0.29999998211860657,0,all,1,1,1,all,1,0
06-profile-on-r2,warm,plan.resolve,0.09999999403953552,0.09999999403953552,0.09999999403953552,0.09999999403953552,0,all,1,1,1,all,1,0
06-profile-on-r2,warm,generation.healthy,29631.400000065565,946.4000000059605,308.66041666734964,29631.400000065565,0,all,1,96,96,all,96,0
06-profile-on-r2,warm,construction.electrical,4.5999999940395355,4.5999999940395355,4.5999999940395355,4.5999999940395355,0,all,1,1,1,all,1,0
06-profile-on-r2,warm,source.controlCurrentness,108.47607994925411,0.10000002384185791,0.0005662891266744666,1.6999999582767487,0,kernel-step,64,3002,3002,sampled,191556,0
06-profile-on-r2,warm,source.setConnected,0,0,0,0,0,all,1,3,3,all,3,0
06-profile-on-r2,warm,settle.temporalPreparation,5024.5,946.4000000059605,502.45,5024.5,0,all,1,10,10,all,10,0
06-profile-on-r2,warm,solver.analyzeSetup,26.000000059604645,3.5,3.2500000074505806,26.000000059604645,0,all,1,8,8,all,8,0
06-profile-on-r2,warm,solver.guard,293.39480308418985,0.10000002384185791,0.0015323117901530764,4.5999999940395355,0,kernel-step,64,3002,3002,sampled,191472,0
06-profile-on-r2,warm,support.create,0.6000000238418579,0.10000002384185791,0.07500000298023224,0.6000000238418579,0,all,1,8,8,all,8,0
06-profile-on-r2,warm,support.matrixDimension,0,0,0,0,0,all,1,0,0,untimed,0,668
06-profile-on-r2,warm,support.unionAttempts,0,0,0,0,0,all,1,0,0,untimed,0,1948
06-profile-on-r2,warm,support.unionMerges,0,0,0,0,0,all,1,0,0,untimed,0,1320
06-profile-on-r2,warm,support.originalCellsScanned,0,0,0,0,0,all,1,0,0,untimed,0,55784
06-profile-on-r2,warm,support.createValidationCellsScanned,0,0,0,0,0,all,1,0,0,untimed,0,55784
06-profile-on-r2,warm,solver.runCircuitOwned,4919.500000029802,38.39999997615814,17.0815972223257,4919.500000029802,0,all,1,288,288,all,288,0
06-profile-on-r2,warm,solver.stepAttempts,0,0,0,0,0,all,1,0,0,untimed,0,36063
06-profile-on-r2,warm,solver.stepStarts,0,0,0,0,0,all,1,0,0,untimed,0,36063
06-profile-on-r2,warm,solver.trials,0,0,0,0,0,all,1,0,0,untimed,0,82397
06-profile-on-r2,warm,solver.nonlinearTrials,0,0,0,0,0,all,1,0,0,untimed,0,82397
06-profile-on-r2,warm,solver.matrixRhsReset,483.94881882026937,0.10000002384185791,0.005873379113563229,7.700000017881393,0,kernel-step,64,1311,1311,sampled,82397,0
06-profile-on-r2,warm,solver.matrixRhsResetCells,0,0,0,0,0,all,1,0,0,untimed,0,582693694
06-profile-on-r2,warm,solver.elementDoStep,842.1966479041711,0.20000001788139343,0.010221205236891769,13.40000006556511,0,kernel-step,64,1311,1311,sampled,82397,5438202
06-profile-on-r2,warm,support.runtimeStampTracking,2457.0713714721956,0.10000002384185791,0.0003432494245077434,0.5999999940395355,0,call-period,4096,1748,1748,sampled,7158268,0
06-profile-on-r2,warm,support.runtimeStamps,0,0,0,0,0,all,1,0,0,untimed,0,7158268
06-profile-on-r2,warm,support.newCoordinates,0,0,0,0,0,all,1,0,0,untimed,0,440
06-profile-on-r2,warm,support.stampTimerCalibration,1.0000000298023224,0.10000002384185791,0.0005720823969120837,1.0000000298023224,0,all,1,1748,1748,all,1748,0
06-profile-on-r2,warm,solver.factor,1916.6273059095724,0.20000001788139343,0.041365461775576734,30.89999994635582,0,kernel-step,64,747,747,sampled,46334,0
06-profile-on-r2,warm,support.prepareDomains,86.8374799390235,0.10000002384185791,0.0018741632481336274,1.3999999463558197,0,kernel-step,64,747,747,sampled,46334,0
06-profile-on-r2,warm,support.matches,12.40535401292594,0.09999999403953552,0.00026773760117680196,0.19999998807907104,0,kernel-step,64,747,747,sampled,46334,0
06-profile-on-r2,warm,support.prepareGroupSlots,0,0,0,0,0,all,1,0,0,untimed,0,7740964
06-profile-on-r2,warm,support.prepareRows,0,0,0,0,0,all,1,0,0,untimed,0,3870482
06-profile-on-r2,warm,support.prepareColumns,0,0,0,0,0,all,1,0,0,untimed,0,3870482
06-profile-on-r2,warm,support.domainsPrepared,0,0,0,0,0,all,1,0,0,untimed,0,46334
06-profile-on-r2,warm,support.restrictedFactors,0,0,0,0,0,all,1,0,0,untimed,0,46334
06-profile-on-r2,warm,solver.solve,490.01149645036804,0.10000002384185791,0.010575635525755774,7.899999737739563,0,kernel-step,64,747,747,sampled,46334,0
06-profile-on-r2,warm,solver.timeAdvancedSteps,0,0,0,0,0,all,1,0,0,untimed,0,36063
06-profile-on-r2,warm,solver.stepPublication,115.09467780209602,0.10000002384185791,0.003191489277156532,1.7999999523162842,0,kernel-step,64,564,564,sampled,36063,0
06-profile-on-r2,warm,solver.acceptedSteps,0,0,0,0,0,all,1,0,0,untimed,0,36063
06-profile-on-r2,warm,solver.advanceDuration,4916.0999999940395,917.8999999761581,546.233333332671,4916.0999999940395,0,all,1,9,9,all,9,0
06-profile-on-r2,warm,source.controlSignature,0.10000002384185791,0.10000002384185791,0.008333335320154825,0.10000002384185791,0,all,1,12,12,all,12,0
06-profile-on-r2,warm,support.invalidate,0,0,0,0,0,all,1,7,7,all,7,0
06-profile-on-r2,warm,support.invalidations,0,0,0,0,0,all,1,0,0,untimed,0,7
06-profile-on-r2,warm,settle.runtime,13.199999988079071,13.199999988079071,13.199999988079071,13.199999988079071,0,all,1,1,1,all,1,0
06-profile-on-r2,warm,generation.physical,46.19999998807907,46.19999998807907,46.19999998807907,46.19999998807907,0,all,1,1,1,all,1,0
06-profile-on-r2,warm,generation.proof,24.400000005960464,24.400000005960464,24.400000005960464,24.400000005960464,0,all,1,1,1,all,1,0
